YEAR,MONTH,STATE,STATUS,RES_MW,COM_MW,IND_MW,TOT_MW,RES_MWH,COM_MWH,IND_MWH,TOT_MWH
2018,1,CA,Final,4162.804,1558.903,934.243,6655.950,414336.817,169236.099,101465.549,685038.465
2018,2,CA,Final,4222.677,1585.727,939.872,6748.276,460476.790,184107.351,105995.608,750579.748
2018,3,CA,Final,4301.335,1616.959,952.253,6870.547,629467.197,258134.461,156242.979,1043844.638
2018,4,CA,Final,4364.027,1661.678,966.805,6992.510,726868.421,289930.709,170135.050,1186934.180
2018,5,CA,Final,4434.547,1698.904,976.641,7110.092,798404.977,320015.994,188739.190,1307160.161
2018,6,CA,Final,4496.312,1718.972,990.190,7205.474,821549.258,324155.398,191260.807,1336965.462
2018,7,CA,Final,4564.592,1746.191,996.539,7307.322,829902.606,331426.361,197450.706,1358779.673
2018,8,CA,Final,4636.844,1778.014,1003.864,7418.722,802926.530,322070.386,192574.359,1317571.276
2018,9,CA,Final,4702.802,1808.605,1019.630,7531.037,722663.653,296286.900,176362.561,1195313.113
2018,10,CA,Final,4778.130,1835.343,1027.966,7641.439,657178.263,273668.622,161556.466,1092403.351
2018,11,CA,Final,4844.113,1858.002,1046.206,7748.321,518472.369,219708.097,125939.688,864120.153
2018,12,CA,Final,4919.381,1880.786,1069.106,7869.273,469100.053,199120.300,111719.878,779940.230
2019,1,CA,Final,4994.600,1882.178,1083.277,7960.055,492840.129,203833.891,117156.969,813830.990
2019,2,CA,Final,5056.849,1898.058,1090.804,8045.711,522512.550,210307.694,122603.280,855423.524
2019,3,CA,Final,5134.023,1923.445,1108.998,8166.466,761509.684,305801.483,181660.124,1248971.292
2019,4,CA,Final,5200.990,1937.739,1118.552,8257.281,863241.566,341783.475,196661.973,1401687.014
2019,5,CA,Final,5274.465,1941.441,1136.397,8352.303,946329.869,359141.368,219441.726,1524912.962
2019,6,CA,Final,5344.038,1954.068,1150.038,8448.144,972486.552,365341.063,222108.682,1559936.298
2019,7,CA,Final,5414.661,1971.433,1155.510,8541.604,1010988.610,385897.287,229026.387,1625912.284
2019,8,CA,Final,5500.752,1993.173,1165.438,8659.363,983743.916,367852.270,223575.663,1575171.849
2019,9,CA,Final,5583.156,2010.664,1181.041,8774.861,864374.843,329249.854,204203.129,1397827.827
2019,10,CA,Final,5666.233,2025.650,1188.886,8880.769,788381.178,303547.300,186544.953,1278473.432
2019,11,CA,Final,5752.195,2047.368,1199.717,8999.280,611237.038,238287.702,143680.410,993205.150
2019,12,CA,Final,5847.027,2085.084,1218.726,9150.837,544484.977,215212.114,126456.518,886153.609
2020,1,CA,Final,5935.765,2109.451,1224.575,9269.791,593967.982,232975.809,131616.899,958560.689
2020,2,CA,Final,6008.997,2123.161,1234.385,9366.543,674694.024,255965.566,143086.804,1073746.394
2020,3,CA,Final,6090.621,2144.570,1251.106,9486.297,872512.037,340990.793,204605.106,1418107.936
2020,4,CA,Final,6156.708,2162.168,1257.701,9576.577,985575.961,369822.074,220916.129,1576314.164
2020,5,CA,Final,6210.769,2181.622,1272.029,9664.420,1124319.843,413717.647,245498.672,1783536.162
2020,6,CA,Final,6275.644,2205.090,1310.415,9791.149,1120164.928,414829.751,253037.399,1788032.078
2020,7,CA,Final,6344.993,2223.692,1332.611,9901.296,1161260.071,429015.832,264194.468,1854470.370
2020,8,CA,Final,6415.725,2253.064,1341.708,10010.497,1096187.879,411763.930,257364.943,1765316.752
2020,9,CA,Final,6491.302,2282.723,1349.864,10123.889,960347.126,372794.680,233288.440,1566430.246
2020,10,CA,Final,6579.321,2306.697,1362.792,10248.810,874139.691,340340.855,213508.603,1427989.150
2020,11,CA,Final,6658.547,2330.747,1374.344,10363.638,716682.860,277361.538,163762.831,1157807.229
2020,12,CA,Final,6774.444,2373.365,1398.566,10546.375,641577.602,251386.300,144020.380,1036984.282
2021,1,CA,Final,6859.535,2387.219,1403.803,10650.557,684784.228,263829.363,149833.863,1098447.454
2021,2,CA,Final,6944.578,2397.930,1420.166,10762.674,741301.695,275099.047,158164.604,1174565.346
2021,3,CA,Final,6995.163,2413.330,1439.776,10848.269,1041002.949,382673.853,235003.530,1658680.332
2021,4,CA,Final,7135.189,2435.352,1447.106,11017.647,1169154.669,428680.140,253894.011,1851728.820
2021,5,CA,Final,7216.372,2463.856,1461.734,11141.962,1298504.111,461752.074,282007.763,2042263.948
2021,6,CA,Final,7315.461,2494.658,1476.091,11286.210,1299813.805,469352.878,285015.630,2054182.313
2021,7,CA,Final,7417.058,2518.310,1473.068,11408.436,1325316.642,485292.278,292076.589,2102685.509
2021,8,CA,Final,7529.806,2539.294,1483.650,11552.750,1234995.905,471452.917,284578.979,1991027.801
2021,9,CA,Final,7635.974,2563.030,1506.163,11705.167,1088337.300,427342.920,260252.268,1775932.488
2021,10,CA,Final,7743.551,2585.270,1509.561,11838.382,959459.060,393485.550,236239.717,1589184.326
2021,11,CA,Final,7865.797,2609.885,1516.236,11991.918,843613.249,315402.088,180015.239,1339030.576
2021,12,CA,Final,7991.427,2652.805,1522.212,12166.444,735535.374,279107.936,156181.651,1170824.960
2022,1,CA,Final,8103.911,2683.381,1516.372,12303.664,855371.782,302128.881,161366.828,1318867.491
2022,2,CA,Final,8220.966,2712.150,1517.133,12450.249,925062.473,315593.942,168650.200,1409306.614
2022,3,CA,Final,8364.480,2744.349,1519.416,12628.245,1318065.601,450510.941,247813.472,2016390.014
2022,4,CA,Final,8505.201,2775.281,1524.290,12804.772,1452048.342,487011.838,267281.363,2206341.543
2022,5,CA,Final,8629.940,2817.041,1526.926,12973.907,1614657.584,537764.702,294517.658,2446939.943
2022,6,CA,Final,8761.794,2840.379,1535.287,13137.460,1609951.864,538504.951,296453.042,2444909.857
2022,7,CA,Final,8917.093,2859.943,1535.851,13312.887,1659908.815,555952.152,304563.432,2520424.399
2022,8,CA,Final,9088.022,2880.119,1534.733,13502.874,1617191.294,537161.366,294402.120,2448754.779
2022,9,CA,Final,9237.129,2895.823,1542.394,13675.346,1445690.158,482181.688,266477.104,2194348.950
2022,10,CA,Final,9416.149,2913.349,1550.893,13880.391,1377657.226,443912.133,242696.121,2064265.479
2022,11,CA,Final,9582.504,2935.439,1556.815,14074.758,1093884.134,357795.753,184782.142,1636462.028
2022,12,CA,Final,9692.082,2943.255,1560.619,14195.956,942233.552,311224.907,160102.608,1413561.067
2018,1,AZ,Final,743.316,347.304,10.613,1101.233,91423.571,50303.861,1622.381,143349.813
2018,2,AZ,Final,761.592,351.389,10.556,1123.537,93990.206,49537.825,1535.535,145063.566
2018,3,AZ,Final,773.255,355.105,11.984,1140.344,127072.257,63571.812,2189.137,192833.205
2018,4,AZ,Final,784.156,357.791,11.984,1153.931,141685.791,68346.131,2302.539,212334.461
2018,5,AZ,Final,795.997,363.300,12.017,1171.314,155305.153,73651.717,2445.997,231402.866
2018,6,AZ,Final,808.979,369.853,11.323,1190.155,150584.558,71458.203,2231.328,224274.089
2018,7,AZ,Final,819.878,370.485,12.225,1202.588,142978.169,66256.007,2274.990,211509.166
2018,8,AZ,Final,831.635,374.283,12.232,1218.150,141094.033,63765.713,2205.466,207065.213
2018,9,AZ,Final,842.174,376.793,12.251,1231.218,133698.502,62143.972,2111.965,197954.438
2018,10,AZ,Final,856.877,379.707,12.250,1248.834,120988.556,59050.953,2076.303,182115.812
2018,11,AZ,Final,869.483,383.541,12.254,1265.278,111430.358,54386.974,1858.618,167675.949
2018,12,AZ,Final,886.091,357.665,7.567,1251.323,100480.524,48035.178,1116.301,149632.003
2019,1,AZ,Final,893.552,354.519,6.630,1254.701,108222.206,50787.185,1012.927,160022.318
2019,2,AZ,Final,905.554,361.994,6.630,1274.178,109203.084,48855.672,964.024,159022.780
2019,3,AZ,Final,915.460,364.718,6.630,1286.808,153699.232,65540.451,1210.184,220449.867
2019,4,AZ,Final,926.152,367.459,6.630,1300.241,170806.435,70855.689,1273.635,242935.758
2019,5,AZ,Final,936.914,375.366,6.630,1318.910,190287.939,75781.283,1349.672,267418.893
2019,6,AZ,Final,949.441,376.635,6.630,1332.706,184368.732,74004.355,1306.518,259679.605
2019,7,AZ,Final,959.843,380.816,6.630,1347.289,175452.931,69500.772,1236.526,246190.229
2019,8,AZ,Final,971.073,383.852,6.630,1361.555,170270.717,67702.082,1197.221,239170.020
2019,9,AZ,Final,984.565,386.000,6.630,1377.195,157052.431,64288.077,1143.398,222483.906
2019,10,AZ,Final,998.112,387.953,6.630,1392.695,146265.978,66325.888,1123.841,213715.707
2019,11,AZ,Final,1011.548,392.724,6.630,1410.902,120852.369,53677.356,1004.664,175534.389
2019,12,AZ,Final,1027.802,398.944,6.630,1433.376,111311.640,52663.847,977.794,164953.281
2020,1,AZ,Final,1043.249,404.161,6.630,1454.040,127502.176,58256.908,1012.927,186772.011
2020,2,AZ,Final,1058.434,405.217,6.630,1470.281,137889.682,59626.383,998.454,198514.519
2020,3,AZ,Final,1072.548,411.983,6.630,1491.161,169028.033,72981.743,1210.184,243219.961
2020,4,AZ,Final,1086.162,414.483,6.630,1507.275,195813.744,80258.916,1273.635,277346.295
2020,5,AZ,Final,1096.763,419.265,6.630,1522.658,211411.819,84719.473,1349.672,297480.963
2020,6,AZ,Final,1111.027,419.648,6.630,1537.305,204709.650,81440.886,1306.518,287457.053
2020,7,AZ,Final,1124.484,420.358,6.630,1551.472,192541.918,75990.743,1236.526,269769.186
2020,8,AZ,Final,1138.607,426.052,6.630,1571.289,186103.677,74192.920,1197.221,261493.818
2020,9,AZ,Final,1155.665,429.398,6.630,1591.693,173244.583,71516.006,1143.398,245903.987
2020,10,AZ,Final,1169.094,431.509,6.630,1607.233,164965.418,69918.157,1123.841,236007.416
2020,11,AZ,Final,1183.796,434.073,6.630,1624.499,145221.965,60344.671,1004.664,206571.300
2020,12,AZ,Final,1199.986,442.156,6.630,1648.772,139643.108,60890.868,977.794,201511.770
2021,1,AZ,Final,1219.460,455.029,6.630,1681.119,148112.319,66659.302,1012.927,215784.548
2021,2,AZ,Final,1236.735,446.287,6.630,1689.652,158778.371,63678.383,964.024,223420.779
2021,3,AZ,Final,1258.531,450.867,6.630,1716.028,205285.455,80850.541,1210.184,287346.181
2021,4,AZ,Final,1280.575,453.817,6.630,1741.022,229519.078,87171.389,1273.635,317964.101
2021,5,AZ,Final,1306.653,455.634,6.630,1768.917,252619.060,92489.511,1349.672,346458.243
2021,6,AZ,Final,1326.903,460.553,6.630,1794.086,241586.380,88581.230,1306.518,331474.128
2021,7,AZ,Final,1338.351,463.115,6.630,1808.096,214253.876,82178.884,1236.526,297669.287
2021,8,AZ,Final,1369.800,470.058,6.630,1846.488,221489.171,81508.508,1197.221,304194.900
2021,9,AZ,Final,1393.150,472.183,6.630,1871.963,203288.060,78604.508,1143.398,283035.966
2021,10,AZ,Final,1413.348,473.954,6.630,1893.932,198356.366,77511.841,1123.841,276992.049
2021,11,AZ,Final,1438.842,476.125,6.630,1921.597,179980.546,68862.891,1004.664,249848.100
2021,12,AZ,Final,1470.202,482.859,6.630,1959.691,169318.061,66123.485,977.794,236419.340
2022,1,AZ,Final,1497.898,495.512,6.630,2000.040,198121.702,73303.913,1012.927,272438.542
2022,2,AZ,Final,1523.281,497.711,6.630,2027.622,206299.946,71996.389,964.024,279260.359
2022,3,AZ,Final,1550.908,499.145,6.630,2056.683,268191.409,90833.694,1210.184,360235.287
2022,4,AZ,Final,1575.872,400.280,6.630,1982.782,291292.395,77565.616,1273.635,370131.646
2022,5,AZ,Final,1598.508,402.551,6.630,2007.689,317626.508,82032.620,1349.672,401008.799
2022,6,AZ,Final,1629.527,400.872,6.630,2037.029,299197.536,77076.279,1306.518,377580.332
2022,7,AZ,Final,1654.869,401.522,6.630,2063.021,283986.742,72581.662,1236.526,357804.930
2022,8,AZ,Final,1686.300,404.958,6.630,2097.888,277978.441,70151.816,1197.221,349327.478
2022,9,AZ,Final,1712.066,407.480,6.630,2126.176,264205.880,66393.040,1143.398,331742.319
2022,10,AZ,Final,1741.939,407.330,6.630,2155.899,268841.546,66396.448,1123.841,336361.835
2022,11,AZ,Final,1770.327,407.487,6.630,2184.444,235210.107,58929.659,1004.664,295144.430
2022,12,AZ,Final,1795.381,309.389,6.630,2111.400,221265.591,40722.566,977.794,262965.951
2018,1,NM,Final,77.028,39.805,0.451,117.284,10938.027,5935.363,66.536,16939.927
2018,2,NM,Final,79.497,42.345,0.451,122.293,11064.371,6170.784,66.181,17301.336
2018,3,NM,Final,80.922,44.495,0.451,125.868,14074.831,7989.823,79.396,22144.050
2018,4,NM,Final,82.614,44.621,0.451,127.686,15150.128,8302.152,84.172,23536.452
2018,5,NM,Final,84.318,37.473,0.451,122.242,16318.301,7505.310,87.923,23911.534
2018,6,NM,Final,85.837,37.826,0.451,124.114,15947.218,7309.208,86.031,23342.458
2018,7,NM,Final,87.184,38.246,0.451,125.881,15611.836,7099.589,86.086,22797.512
2018,8,NM,Final,88.429,39.592,0.451,128.472,15107.187,6738.646,81.882,21927.716
2018,9,NM,Final,89.968,39.012,0.451,129.431,14583.153,6576.607,76.041,21235.801
2018,10,NM,Final,91.717,39.192,0.451,131.360,13970.931,6245.352,71.068,20287.351
2018,11,NM,Final,93.411,39.591,0.451,133.453,13127.848,5806.652,65.248,18999.748
2018,12,NM,Final,95.184,39.967,0.451,135.602,12461.406,5484.051,63.051,18008.509
2019,1,NM,Final,97.161,39.842,0.651,137.654,13432.664,5825.344,98.389,19356.397
2019,2,NM,Final,99.316,40.367,0.654,140.337,13666.035,5784.012,97.108,19547.155
2019,3,NM,Final,101.635,40.875,0.656,143.166,17403.992,7527.080,117.604,25048.677
2019,4,NM,Final,103.330,41.398,0.656,145.384,18705.923,7807.890,123.976,26637.790
2019,5,NM,Final,105.242,42.292,0.656,148.190,20148.705,8413.680,129.427,28691.812
2019,6,NM,Final,107.304,42.783,0.656,150.743,19861.263,8214.370,125.567,28201.199
2019,7,NM,Final,109.478,43.334,0.658,153.470,19487.628,8039.171,123.950,27650.749
2019,8,NM,Final,111.964,44.020,0.659,156.643,19261.586,7791.824,118.694,27172.105
2019,9,NM,Final,114.128,45.620,0.660,160.408,18512.227,7650.193,111.579,26273.999
2019,10,NM,Final,116.696,45.800,0.660,163.156,18408.097,7443.803,106.329,25958.229
2019,11,NM,Final,119.051,46.157,0.660,165.868,16549.311,6700.358,97.790,23347.459
2019,12,NM,Final,121.503,46.242,0.662,168.407,16220.773,6433.988,95.380,22750.142
2020,1,NM,Final,124.535,47.429,0.601,172.565,17661.430,6988.120,90.426,24739.976
2020,2,NM,Final,126.113,44.917,0.601,171.631,18152.670,6704.729,92.213,24949.612
2020,3,NM,Final,128.528,45.144,0.601,174.273,22049.119,8007.053,107.353,30163.524
2020,4,NM,Final,130.914,45.407,0.601,176.922,23984.542,8599.594,113.297,32697.433
2020,5,NM,Final,133.180,45.545,0.601,179.326,25756.439,9032.307,118.291,34907.037
2020,6,NM,Final,135.045,46.051,0.601,181.697,25113.308,8886.426,114.960,34114.694
2020,7,NM,Final,137.271,47.197,0.601,185.069,24303.683,8761.854,113.524,33179.062
2020,8,NM,Final,139.779,47.773,0.601,188.153,23698.581,8425.654,108.429,32232.664
2020,9,NM,Final,142.051,47.857,0.601,190.509,22926.838,8024.400,101.546,31052.785
2020,10,NM,Final,145.094,48.109,0.601,193.804,22699.323,7804.418,96.375,30600.116
2020,11,NM,Final,148.055,49.286,0.601,197.942,20952.877,7127.958,88.603,28169.439
2020,12,NM,Final,151.268,54.816,0.451,206.535,20623.856,7711.019,63.051,28397.926
2021,1,NM,Final,156.283,56.431,0.601,213.315,22298.287,8342.604,90.426,30731.317
2021,2,NM,Final,160.110,56.638,0.601,217.349,22465.736,8099.786,89.034,30654.555
2021,3,NM,Final,163.905,57.143,0.601,221.649,28494.632,10251.750,107.353,38853.735
2021,4,NM,Final,167.851,56.211,0.601,224.663,30673.120,10561.467,113.297,41347.883
2021,5,NM,Final,172.384,56.245,0.557,229.186,33018.790,11141.794,109.714,44270.298
2021,6,NM,Final,176.928,58.258,0.557,235.743,32370.201,11073.469,106.566,43550.237
2021,7,NM,Final,180.359,58.515,0.557,239.431,31946.539,10718.133,105.125,42769.797
2021,8,NM,Final,183.584,60.755,0.557,244.896,29488.473,10701.836,100.441,40290.749
2021,9,NM,Final,187.247,61.161,0.557,248.965,28171.455,10206.189,94.128,38471.772
2021,10,NM,Final,190.319,62.227,0.557,253.103,27764.582,10157.835,89.442,38011.858
2021,11,NM,Final,194.135,63.357,0.557,258.049,27881.878,9314.740,82.238,37278.855
2021,12,NM,Final,197.180,64.556,0.557,262.293,26965.993,9214.782,79.882,36260.657
2022,1,NM,Final,201.845,65.047,0.557,267.449,30071.985,9715.899,83.935,39871.818
2022,2,NM,Final,205.822,65.150,0.557,271.529,29641.375,9462.310,82.577,39186.261
2022,3,NM,Final,210.056,65.294,0.557,275.907,37073.314,11725.814,99.607,48898.735
2022,4,NM,Final,214.192,65.539,0.557,280.288,40259.976,12418.673,105.085,52783.734
2022,5,NM,Final,215.918,66.398,0.557,282.873,42683.544,13258.400,109.714,56051.658
2022,6,NM,Final,221.532,67.343,0.557,289.432,41431.285,12821.534,106.566,54359.386
2022,7,NM,Final,224.865,67.710,0.557,293.132,40741.772,12399.623,105.125,53246.521
2022,8,NM,Final,228.998,68.214,0.557,297.769,39695.064,11923.891,100.441,51719.396
2022,9,NM,Final,232.746,68.535,0.557,301.838,38694.082,11485.887,94.128,50274.097
2022,10,NM,Final,236.966,69.514,0.557,307.037,37760.282,11295.361,89.442,49145.084
2022,11,NM,Final,241.384,69.914,0.557,311.855,35630.778,10362.986,82.238,46076.002
2022,12,NM,Final,244.790,68.052,0.557,313.399,34329.562,9612.182,79.882,44021.626
2018,1,NV,Final,166.706,51.658,12.955,231.319,18339.268,6762.923,1844.820,26947.011
2018,2,NV,Final,169.415,51.659,12.955,234.029,20298.392,6659.116,1762.487,28719.995
2018,3,NV,Final,173.125,51.666,13.041,237.832,27511.456,8929.625,2364.359,38805.440
2018,4,NV,Final,178.263,54.553,13.041,245.857,32086.631,9800.328,2428.935,44315.894
2018,5,NV,Final,183.154,54.583,16.328,254.065,35315.421,10511.688,3266.233,49093.342
2018,6,NV,Final,189.725,54.723,16.582,261.030,37131.866,10738.240,3258.379,51128.485
2018,7,NV,Final,194.640,54.766,16.582,265.988,35189.579,10649.851,3231.447,49070.878
2018,8,NV,Final,200.834,55.699,16.582,273.115,35606.867,10558.493,3173.435,49338.795
2018,9,NV,Final,207.665,55.733,17.080,280.478,34116.833,9730.849,3053.466,46901.149
2018,10,NV,Final,214.094,55.777,17.080,286.951,31011.998,9136.085,2869.802,43017.885
2018,11,NV,Final,221.306,55.806,17.080,294.192,26270.488,7359.563,2486.971,36117.022
2018,12,NV,Final,229.434,55.039,17.080,301.553,23741.136,6549.964,2324.728,32615.827
2019,1,NV,Final,239.430,55.179,18.386,312.995,25792.574,6994.440,2620.598,35407.613
2019,2,NV,Final,248.364,55.179,18.386,321.929,27939.193,6847.430,2502.723,37289.346
2019,3,NV,Final,257.431,55.696,18.386,331.513,42377.650,9620.459,3334.523,55332.632
2019,4,NV,Final,265.689,55.696,18.386,339.771,47087.870,10083.015,3425.282,60596.166
2019,5,NV,Final,273.944,55.696,18.386,348.026,52775.398,10895.104,3676.840,67347.341
2019,6,NV,Final,281.464,55.711,18.386,355.561,54917.815,10897.839,3613.277,69428.931
2019,7,NV,Final,289.432,55.716,18.386,363.534,55266.534,10973.959,3582.697,69823.190
2019,8,NV,Final,301.096,55.716,18.386,375.198,55456.128,10745.873,3518.456,69720.457
2019,9,NV,Final,308.720,56.058,18.386,383.164,50180.753,9903.934,3287.120,63371.807
2019,10,NV,Final,319.219,57.052,18.386,394.657,50129.853,9323.667,3089.660,62543.181
2019,11,NV,Final,327.118,57.063,18.386,402.567,38221.086,7615.889,2678.685,48515.661
2019,12,NV,Final,337.559,57.807,18.386,413.752,31735.297,6881.671,2504.752,41121.721
2020,1,NV,Final,345.858,58.199,18.386,422.443,40061.796,7384.706,2620.598,50067.100
2020,2,NV,Final,355.469,58.227,18.386,432.082,44930.083,7706.760,2592.106,55228.949
2020,3,NV,Final,365.536,58.440,18.386,442.362,57792.292,10105.249,3334.523,71232.064
2020,4,NV,Final,372.795,58.743,18.386,449.924,63877.874,10644.862,3425.282,77948.018
2020,5,NV,Final,379.129,58.744,18.386,456.259,72824.868,11565.351,3676.840,88067.059
2020,6,NV,Final,386.532,58.778,18.386,463.696,72591.455,11482.765,3613.277,87687.496
2020,7,NV,Final,394.413,58.917,18.386,471.716,73393.911,11596.015,3582.697,88572.622
2020,8,NV,Final,402.443,59.045,18.386,479.874,70483.452,11116.088,3518.456,85117.995
2020,9,NV,Final,411.676,59.122,18.386,489.184,61823.806,10419.730,3287.120,75530.656
2020,10,NV,Final,420.741,59.135,19.386,499.262,61003.814,9640.508,3258.005,73902.327
2020,11,NV,Final,428.314,59.595,19.386,507.295,51123.588,7966.547,2825.480,61915.615
2020,12,NV,Final,437.990,59.573,19.386,516.949,47275.089,7152.942,2642.595,57070.627
2021,1,NV,Final,448.762,59.778,19.885,528.425,51327.232,7573.571,2836.597,61737.400
2021,2,NV,Final,457.624,59.806,19.885,537.315,55722.125,7610.458,2708.107,66040.690
2021,3,NV,Final,465.139,59.888,19.885,544.912,75601.285,10412.499,3607.567,89621.351
2021,4,NV,Final,473.033,59.909,19.885,552.827,83444.773,10862.986,3705.423,98013.182
2021,5,NV,Final,483.665,61.752,20.487,565.904,92234.620,12171.966,4097.871,108504.457
2021,6,NV,Final,495.598,61.963,20.487,578.048,90140.418,12030.395,4026.603,106197.416
2021,7,NV,Final,504.788,62.029,20.487,587.304,89242.085,11944.704,3991.773,105178.562
2021,8,NV,Final,516.201,62.081,20.487,598.769,89788.208,11707.855,3920.279,105416.343
2021,9,NV,Final,525.644,63.067,20.487,609.198,79907.510,11096.463,3663.007,94666.980
2021,10,NV,Final,536.321,63.248,20.487,620.056,72823.066,10317.980,3443.353,86584.399
2021,11,NV,Final,546.217,63.531,20.487,630.235,66676.822,8512.608,2987.102,78176.532
2021,12,NV,Final,552.614,64.098,20.487,637.199,59960.777,7735.607,2794.361,70490.745
2022,1,NV,Final,564.311,64.186,20.487,648.984,71354.252,8218.603,2923.342,82496.197
2022,2,NV,Final,572.843,64.284,21.630,658.757,74858.934,8125.928,2947.195,85932.057
2022,3,NV,Final,583.487,64.313,21.630,669.430,99233.541,11101.940,3925.421,114260.902
2022,4,NV,Final,593.397,64.336,21.630,679.363,109586.558,11737.849,4031.537,125355.944
2022,5,NV,Final,603.651,64.449,21.630,689.730,121349.129,12679.474,4326.924,138355.527
2022,6,NV,Final,615.078,64.540,21.630,701.248,119064.208,12506.530,4251.464,135822.201
2022,7,NV,Final,626.466,65.111,21.630,713.207,117990.967,12776.261,4214.322,134981.549
2022,8,NV,Final,639.642,65.191,21.630,726.463,114245.186,12491.301,4138.882,130875.369
2022,9,NV,Final,652.914,65.293,21.630,739.837,109141.761,11524.360,3867.499,124533.620
2022,10,NV,Final,652.944,62.531,33.169,748.644,101432.653,10264.642,5578.303,117275.598
2022,11,NV,Final,665.738,62.645,33.169,761.552,86428.369,8422.391,4848.756,99699.517
2022,12,NV,Final,679.510,62.922,33.169,775.601,83268.273,7564.681,4542.496,95375.450
2018,1,UT,Final,154.328,40.273,4.277,198.878,16216.176,4261.610,461.675,20939.460
2018,2,UT,Final,158.391,41.187,4.282,203.860,17043.498,4513.057,473.838,22030.394
2018,3,UT,Final,162.135,42.003,4.282,208.420,25334.836,6636.675,685.117,32656.628
2018,4,UT,Final,164.474,42.544,4.282,211.300,27483.631,7269.665,733.176,35486.472
2018,5,UT,Final,166.891,43.359,4.303,214.553,30740.285,8188.620,811.921,39740.826
2018,6,UT,Final,167.993,43.600,4.303,215.896,30935.114,8266.634,809.527,40011.275
2018,7,UT,Final,171.950,43.590,4.509,220.049,31944.536,8303.696,856.583,41104.816
2018,8,UT,Final,174.499,43.741,4.638,222.878,30956.532,7773.665,841.898,39572.096
2018,9,UT,Final,177.181,44.310,4.709,226.200,29149.490,7331.016,790.574,37271.080
2018,10,UT,Final,179.304,44.470,4.709,228.483,27051.553,6696.911,726.433,34474.898
2018,11,UT,Final,183.086,45.377,4.831,233.294,21778.055,5361.478,588.047,27727.580
2018,12,UT,Final,186.010,46.178,4.873,237.061,18404.275,4476.261,495.293,23375.829
2019,1,UT,Final,188.453,46.532,4.873,239.858,19822.227,4813.348,526.009,25161.584
2019,2,UT,Final,190.357,46.840,4.873,242.070,20524.019,4995.292,539.237,26058.549
2019,3,UT,Final,192.161,47.209,4.873,244.243,30055.784,7351.994,779.677,38187.455
2019,4,UT,Final,194.224,47.440,4.873,246.537,32438.354,8147.466,834.369,41420.189
2019,5,UT,Final,196.394,48.252,4.873,249.519,36197.483,8953.161,919.473,46070.117
2019,6,UT,Final,198.986,48.610,4.873,252.469,36603.339,9043.927,916.761,46564.027
2019,7,UT,Final,201.583,49.281,5.091,255.955,37470.056,9247.579,967.147,47684.782
2019,8,UT,Final,204.304,49.728,5.091,259.123,36340.214,8922.884,924.127,46187.225
2019,9,UT,Final,206.687,49.741,5.180,261.608,33949.945,8217.593,869.649,43037.187
2019,10,UT,Final,210.547,49.873,5.180,265.600,31856.864,7595.317,799.092,40251.273
2019,11,UT,Final,213.482,50.092,5.182,268.756,25451.848,5904.246,630.772,31986.866
2019,12,UT,Final,216.750,50.899,5.182,272.831,21506.493,4965.335,526.700,26998.528
2020,1,UT,Final,221.500,51.702,5.182,278.384,23348.763,5414.615,559.363,29322.742
2020,2,UT,Final,225.149,51.973,5.182,282.304,25351.148,5879.433,593.910,31824.491
2020,3,UT,Final,228.288,52.577,5.257,286.122,35757.544,8311.368,841.116,44910.029
2020,4,UT,Final,231.359,54.377,5.257,290.993,38833.391,9280.326,900.119,49013.835
2020,5,UT,Final,234.232,54.455,5.257,293.944,43253.325,10251.366,991.929,54496.620
2020,6,UT,Final,237.763,55.053,5.257,298.073,43709.407,10366.029,989.004,55064.440
2020,7,UT,Final,242.123,55.171,5.257,302.551,45051.440,10471.320,998.682,56521.443
2020,8,UT,Final,246.338,55.474,5.517,307.329,43818.494,9968.684,1001.456,54788.633
2020,9,UT,Final,248.216,55.385,5.478,309.079,40853.399,9244.660,919.679,51017.738
2020,10,UT,Final,254.833,56.970,5.478,317.281,38620.356,8730.758,845.063,48196.178
2020,11,UT,Final,259.932,57.890,5.478,323.300,31032.478,6975.575,666.802,38674.856
2020,12,UT,Final,259.545,56.840,6.056,322.441,25959.151,5744.279,615.534,32318.964
2021,1,UT,Final,269.245,58.835,6.203,334.283,28544.157,6239.511,669.574,35453.241
2021,2,UT,Final,276.364,59.856,6.203,342.423,29976.602,6479.078,686.413,37142.092
2021,3,UT,Final,280.958,60.844,6.203,348.005,44155.709,9673.530,992.476,54821.715
2021,4,UT,Final,285.469,61.191,6.203,352.863,47897.894,10444.897,1062.095,59404.887
2021,5,UT,Final,288.106,61.754,6.203,356.063,53276.098,11656.420,1170.427,66102.945
2021,6,UT,Final,292.610,62.709,6.230,361.549,53864.900,11691.116,1172.055,66728.070
2021,7,UT,Final,296.104,62.856,6.230,365.190,55021.770,11868.717,1183.525,68074.012
2021,8,UT,Final,300.467,63.107,6.230,369.804,53403.847,11450.195,1130.881,65984.923
2021,9,UT,Final,304.475,63.272,6.272,374.019,50138.623,10612.593,1052.980,61804.196
2021,10,UT,Final,307.635,63.712,6.272,377.619,46521.771,9707.159,967.550,57196.480
2021,11,UT,Final,313.872,64.011,6.272,384.155,37359.960,7688.792,763.451,45812.203
2021,12,UT,Final,317.884,64.427,6.272,388.583,31623.255,6369.090,637.488,38629.834
2022,1,UT,Final,321.406,64.578,6.272,392.256,34283.024,6878.390,677.022,41838.436
2022,2,UT,Final,327.470,64.872,6.298,398.640,35784.319,7143.080,696.925,43624.325
2022,3,UT,Final,333.697,65.063,6.298,405.058,52593.183,10322.560,1007.676,63923.419
2022,4,UT,Final,338.799,65.287,6.298,410.384,57055.621,11113.008,1078.362,69246.991
2022,5,UT,Final,343.844,66.192,6.298,416.334,63639.906,12481.256,1188.352,77309.514
2022,6,UT,Final,348.382,66.242,6.298,420.922,64200.056,12486.995,1184.848,77871.900
2022,7,UT,Final,354.966,66.878,6.516,428.360,66178.758,12766.689,1237.857,80183.304
2022,8,UT,Final,361.962,66.987,6.516,435.465,64500.807,12164.832,1182.796,77848.435
2022,9,UT,Final,366.378,71.007,6.516,443.901,60519.861,11918.852,1093.944,73532.658
2022,10,UT,Final,372.629,71.061,6.516,450.206,56741.759,10936.482,1005.190,68683.430
2022,11,UT,Final,378.508,71.133,6.810,456.451,45620.501,8546.166,828.938,54995.605
2022,12,UT,Final,385.204,73.442,6.810,465.456,38592.779,7335.107,692.171,46620.057
2018,1,CO,Final,208.589,122.565,1.289,332.443,20853.783,14471.152,151.393,35476.328
2018,2,CO,Final,212.558,124.004,1.289,337.851,21771.973,14623.766,151.501,36547.240
2018,3,CO,Final,214.629,122.433,1.316,338.378,32408.435,19819.014,203.599,52431.048
2018,4,CO,Final,215.579,122.592,1.304,339.475,34031.118,20949.911,215.635,55196.663
2018,5,CO,Final,217.282,122.624,1.357,341.263,36205.440,22482.972,243.911,58932.323
2018,6,CO,Final,218.623,122.619,1.364,342.606,37570.569,22434.299,246.416,60251.284
2018,7,CO,Final,221.358,122.692,1.384,345.434,37789.869,21898.095,247.247,59935.211
2018,8,CO,Final,223.014,122.725,1.387,347.126,35566.398,20647.199,233.080,56446.677
2018,9,CO,Final,224.405,122.757,1.398,348.560,33534.586,19083.910,221.969,52840.465
2018,10,CO,Final,226.263,122.802,1.379,350.444,28602.863,17109.956,203.259,45916.077
2018,11,CO,Final,227.946,122.837,1.381,352.164,24192.721,14937.222,169.618,39299.562
2018,12,CO,Final,233.053,122.965,1.477,357.495,23067.348,13655.038,164.469,36886.855
2019,1,CO,Final,233.536,123.411,1.299,358.246,23620.462,14273.099,154.382,38047.943
2019,2,CO,Final,234.978,123.492,1.303,359.773,24542.177,14480.673,154.575,39177.426
2019,3,CO,Final,240.740,123.888,1.369,365.997,34863.593,19030.536,212.663,54106.792
2019,4,CO,Final,242.478,124.010,1.369,367.857,37748.611,20299.766,226.810,58275.187
2019,5,CO,Final,244.320,124.103,1.369,369.792,40914.502,21946.021,246.423,63106.946
2019,6,CO,Final,246.022,124.414,1.369,371.805,42911.645,22245.106,247.233,65403.984
2019,7,CO,Final,248.180,124.461,1.370,374.011,43849.247,22054.167,244.252,66147.666
2019,8,CO,Final,250.265,124.501,1.373,376.139,41598.882,20816.320,230.500,62645.702
2019,9,CO,Final,252.606,124.575,1.374,378.555,38819.090,19604.334,218.407,58641.831
2019,10,CO,Final,255.201,124.754,1.374,381.329,32000.253,17888.908,203.474,50092.635
2019,11,CO,Final,256.982,124.797,1.374,383.153,25639.946,14642.267,170.927,40453.141
2019,12,CO,Final,260.286,125.014,1.377,386.677,24066.524,13115.636,154.263,37336.424
2020,1,CO,Final,265.660,123.950,1.286,390.896,27735.755,13673.021,152.991,41561.767
2020,2,CO,Final,267.780,123.975,1.311,393.066,27233.228,14215.020,161.617,41609.865
2020,3,CO,Final,270.188,124.049,1.314,395.551,38258.581,18801.708,204.874,57265.163
2020,4,CO,Final,276.278,124.606,1.806,402.690,41629.986,19971.285,303.699,61904.969
2020,5,CO,Final,280.597,124.969,1.807,407.373,48342.187,22215.467,329.309,70886.962
2020,6,CO,Final,285.384,125.229,1.807,412.420,48282.298,22179.643,328.540,70790.480
2020,7,CO,Final,289.979,126.231,1.808,418.018,48316.154,21778.350,321.707,70416.211
2020,8,CO,Final,293.507,129.214,1.835,424.556,45897.214,21366.351,308.565,67572.130
2020,9,CO,Final,301.255,130.649,1.840,433.744,42916.595,20287.917,294.395,63498.908
2020,10,CO,Final,308.270,132.918,1.826,443.014,39869.084,18969.656,275.342,59114.082
2020,11,CO,Final,315.279,133.174,1.858,450.311,34646.401,16225.807,239.429,51111.637
2020,12,CO,Final,320.454,133.730,1.868,456.052,30229.195,14506.553,217.663,44953.411
2021,1,CO,Final,331.276,136.931,10.064,478.271,35315.024,15977.757,1241.786,52534.567
2021,2,CO,Final,339.005,139.567,10.065,488.637,36334.677,16261.242,1234.379,53830.298
2021,3,CO,Final,343.116,139.498,10.065,492.679,48373.079,21303.457,1603.888,71280.424
2021,4,CO,Final,355.004,141.028,10.363,506.395,54213.317,23160.554,1751.983,79125.855
2021,5,CO,Final,359.776,141.098,10.371,511.245,58853.065,25029.429,1901.909,85784.402
2021,6,CO,Final,485.694,168.352,10.371,664.417,84161.840,30234.288,1898.909,116295.036
2021,7,CO,Final,493.081,168.706,10.371,672.158,84602.907,29935.383,1875.676,116413.966
2021,8,CO,Final,501.210,169.393,10.371,680.974,85079.542,28611.934,1774.624,115466.099
2021,9,CO,Final,504.753,175.167,10.376,690.296,78820.028,27625.065,1675.428,108120.521
2021,10,CO,Final,516.341,175.331,10.443,702.115,68708.627,25660.297,1579.640,95948.564
2021,11,CO,Final,521.930,178.460,11.019,711.409,60276.931,22074.097,1407.228,83758.256
2021,12,CO,Final,527.483,183.452,11.101,722.036,55669.004,20646.198,1289.578,77604.780
2022,1,CO,Final,532.078,183.633,11.343,727.054,58524.933,21936.868,1400.585,81862.386
2022,2,CO,Final,541.486,184.534,11.551,737.571,60605.392,22339.504,1418.041,84362.937
2022,3,CO,Final,550.773,184.952,11.544,747.269,81628.323,28845.958,1835.314,112309.595
2022,4,CO,Final,559.018,185.102,11.836,755.956,92367.484,31628.326,1989.237,125985.048
2022,5,CO,Final,568.096,185.617,11.912,765.625,98575.375,34113.327,2170.666,134859.368
2022,6,CO,Final,577.751,185.948,11.912,775.611,99607.437,33983.232,2169.439,135760.107
2022,7,CO,Final,590.545,185.831,12.513,788.889,100867.745,33341.305,2251.386,136460.436
2022,8,CO,Final,601.680,187.279,13.256,802.215,98278.209,31827.410,2251.246,132356.864
2022,9,CO,Final,611.528,188.057,12.992,812.577,88379.526,29850.460,2082.894,120312.880
2022,10,CO,Final,618.070,191.723,13.335,823.128,87029.927,28300.566,1999.804,117330.298
2022,11,CO,Final,628.104,196.849,13.102,838.055,72639.233,24234.365,1668.520,98542.118
2022,12,CO,Final,647.316,201.839,13.596,862.751,67567.299,22331.374,1576.718,91475.391
2018,1,OR,Final,68.597,58.109,10.085,136.791,3436.373,3012.359,576.758,7025.489
2018,2,OR,Final,69.849,58.231,10.095,138.175,5225.653,4571.169,845.941,10642.763
2018,3,OR,Final,71.342,58.705,10.099,140.146,7733.860,6458.462,1167.012,15359.334
2018,4,OR,Final,72.863,59.342,10.102,142.307,9826.893,8046.431,1459.751,19333.075
2018,5,OR,Final,73.622,59.744,10.186,143.552,11646.792,9572.760,1649.809,22869.361
2018,6,OR,Final,74.491,60.868,10.190,145.549,12143.615,9979.026,1707.539,23830.180
2018,7,OR,Final,75.018,61.841,10.253,147.112,13870.063,11350.262,1923.012,27143.337
2018,8,OR,Final,76.046,62.408,10.255,148.709,12789.154,10539.501,1821.809,25150.464
2018,9,OR,Final,76.899,63.432,10.277,150.608,11299.694,9295.068,1591.032,22185.794
2018,10,OR,Final,77.666,63.766,10.279,151.711,7956.063,6717.811,1138.822,15812.695
2018,11,OR,Final,78.553,64.232,10.283,153.068,4289.477,3497.986,592.909,8380.371
2018,12,OR,Final,79.415,64.688,10.495,154.598,3514.834,2923.133,506.961,6944.927
2019,1,OR,Final,81.643,59.068,10.699,151.410,4211.773,3172.358,615.157,7999.288
2019,2,OR,Final,82.186,59.389,10.702,152.277,6010.661,4683.515,898.915,11593.091
2019,3,OR,Final,83.027,59.521,10.706,153.254,9699.432,6870.758,1240.392,17810.582
2019,4,OR,Final,84.085,59.799,10.707,154.591,11547.276,8914.962,1549.098,22011.336
2019,5,OR,Final,85.060,60.556,10.712,156.328,13774.845,9797.510,1738.077,25310.433
2019,6,OR,Final,85.970,61.074,10.714,157.758,14610.099,10267.461,1798.651,26676.211
2019,7,OR,Final,87.361,61.698,10.715,159.774,16037.244,11407.227,2011.441,29455.912
2019,8,OR,Final,88.393,62.184,10.800,161.377,15410.867,10348.635,1920.993,27680.494
2019,9,OR,Final,89.579,62.723,10.804,163.106,12985.766,8940.653,1675.241,23601.660
2019,10,OR,Final,91.193,64.298,10.806,166.297,9407.998,7075.880,1202.117,17685.995
2019,11,OR,Final,92.809,65.555,10.808,169.172,5117.742,3528.738,626.581,9273.062
2019,12,OR,Final,94.403,66.195,10.813,171.411,4080.637,2895.653,524.403,7500.694
2020,1,OR,Final,95.890,67.219,10.815,173.924,4809.153,3458.721,622.757,8890.630
2020,2,OR,Final,97.152,67.692,10.817,175.661,7813.688,5615.935,941.700,14371.323
2020,3,OR,Final,98.368,68.521,10.830,177.719,10909.792,7658.738,1255.844,19824.375
2020,4,OR,Final,99.815,69.960,10.831,180.606,13768.619,9391.624,1567.738,24727.981
2020,5,OR,Final,101.219,70.227,10.859,182.305,15513.088,11040.694,1762.853,28316.636
2020,6,OR,Final,102.616,70.430,10.908,183.954,16355.891,11484.659,1832.824,29673.374
2020,7,OR,Final,104.174,71.038,10.905,186.117,18634.950,12770.248,2048.056,33453.253
2020,8,OR,Final,104.897,71.204,10.906,187.007,17973.653,12354.899,1940.537,32269.089
2020,9,OR,Final,106.563,70.880,10.908,188.351,15001.000,10040.340,1692.140,26733.479
2020,10,OR,Final,108.726,71.468,10.911,191.105,11093.265,7563.274,1215.544,19872.083
2020,11,OR,Final,111.174,72.076,11.117,194.367,5832.858,3823.898,644.000,10300.756
2020,12,OR,Final,111.978,72.231,11.121,195.330,5038.730,3316.553,538.845,8894.128
2021,1,OR,Final,114.851,73.442,11.059,199.352,5974.032,3915.958,635.587,10525.577
2021,2,OR,Final,117.044,74.102,11.061,202.207,8908.229,5804.289,928.651,15641.170
2021,3,OR,Final,118.974,74.426,11.064,204.464,13064.229,8241.502,1281.202,22586.933
2021,4,OR,Final,121.802,75.632,11.065,208.499,17278.479,10546.687,1600.241,29425.407
2021,5,OR,Final,124.338,76.223,11.067,211.628,19408.022,11989.970,1795.110,33193.102
2021,6,OR,Final,127.494,76.905,11.128,215.527,20758.021,12476.774,1868.320,35103.114
2021,7,OR,Final,130.414,77.431,11.129,218.974,23706.767,13981.737,2089.126,39777.630
2021,8,OR,Final,133.295,78.360,11.255,222.910,22669.375,13331.709,2002.510,38003.595
2021,9,OR,Final,136.480,78.753,11.275,226.508,19982.514,11774.569,1749.226,33506.309
2021,10,OR,Final,139.677,79.394,11.344,230.415,14279.595,8263.288,1263.458,23806.341
2021,11,OR,Final,143.216,79.671,11.532,234.419,7666.290,4282.685,673.258,12622.234
2021,12,OR,Final,147.746,80.235,11.513,239.494,6584.607,3621.726,562.212,10768.546
2022,1,OR,Final,151.105,80.699,12.392,244.196,8191.347,4413.738,708.659,13313.744
2022,2,OR,Final,154.455,80.923,12.459,247.837,12269.501,6545.452,1043.827,19858.780
2022,3,OR,Final,158.946,81.404,12.460,252.810,17336.142,8879.253,1439.835,27655.230
2022,4,OR,Final,181.137,90.716,13.775,285.628,24793.351,12671.315,1978.778,39443.443
2022,5,OR,Final,186.927,91.162,13.758,291.847,28812.182,14377.942,2217.421,45407.545
2022,6,OR,Final,192.528,92.083,13.759,298.370,30526.519,14983.967,2293.538,47804.023
2022,7,OR,Final,199.474,92.785,13.759,306.018,36022.353,16837.147,2572.047,55431.547
2022,8,OR,Final,186.471,84.602,12.446,283.519,31952.084,14566.885,2210.314,48729.283
2022,9,OR,Final,193.386,85.882,13.006,292.274,28670.267,12685.738,2010.176,43366.181
2022,10,OR,Final,199.443,86.215,13.028,298.686,20938.636,9131.095,1436.386,31506.117
2022,11,OR,Final,205.956,87.091,13.029,306.076,11443.538,4798.197,748.172,16989.907
2022,12,OR,Final,213.980,88.906,13.210,316.096,9932.845,4049.078,636.546,14618.469
2018,1,ID,Final,11.531,2.883,0.132,14.546,775.400,192.239,9.260,976.899
2018,2,ID,Final,12.138,2.924,0.132,15.194,1104.073,266.258,12.480,1382.811
2018,3,ID,Final,12.941,2.945,0.296,16.182,1795.158,409.175,42.400,2246.733
2018,4,ID,Final,13.740,2.978,0.459,17.177,2223.248,486.461,75.974,2785.682
2018,5,ID,Final,14.743,3.081,0.459,18.283,2646.329,559.687,84.280,3290.295
2018,6,ID,Final,15.815,3.135,0.459,19.409,2859.897,575.134,85.021,3520.053
2018,7,ID,Final,16.764,3.198,0.459,20.421,3222.775,626.468,90.132,3939.375
2018,8,ID,Final,17.861,3.260,0.542,21.663,3295.993,611.081,102.206,4009.280
2018,9,ID,Final,18.869,3.249,0.594,22.712,3102.757,539.673,99.746,3742.176
2018,10,ID,Final,19.817,3.323,0.595,23.735,2828.363,473.021,86.702,3388.086
2018,11,ID,Final,20.993,3.499,0.594,25.086,1903.915,312.357,54.655,2270.927
2018,12,ID,Final,22.123,3.494,0.676,26.293,1415.396,221.413,44.209,1681.019
2019,1,ID,Final,23.283,3.492,0.676,27.451,1563.185,233.659,47.425,1844.268
2019,2,ID,Final,24.094,3.509,1.081,28.684,2186.558,320.138,102.207,2608.904
2019,3,ID,Final,25.186,3.497,1.448,30.131,3497.755,487.764,207.416,4192.936
2019,4,ID,Final,26.302,3.462,1.445,31.209,4259.806,566.601,239.177,5065.584
2019,5,ID,Final,27.712,3.545,1.448,32.705,4977.603,644.988,265.875,5888.466
2019,6,ID,Final,28.912,3.558,1.448,33.918,5231.597,653.570,268.216,6153.383
2019,7,ID,Final,30.451,3.557,1.448,35.456,5854.273,696.977,284.340,6835.589
2019,8,ID,Final,31.784,3.660,1.652,37.096,5865.455,686.544,311.520,6863.519
2019,9,ID,Final,32.993,3.676,1.753,38.422,5428.279,611.290,294.369,6333.938
2019,10,ID,Final,34.528,3.757,1.753,40.038,4932.753,536.063,255.444,5724.260
2019,11,ID,Final,36.200,3.858,1.753,41.811,3291.454,345.389,161.296,3798.139
2019,12,ID,Final,37.992,4.170,2.004,44.166,2429.695,264.873,131.059,2825.627
2020,1,ID,Final,39.435,4.274,2.085,45.794,2645.417,285.052,146.273,3076.742
2020,2,ID,Final,40.360,4.329,2.085,46.774,3789.168,407.376,204.175,4400.719
2020,3,ID,Final,41.384,4.382,2.492,48.258,5744.341,611.247,356.963,6712.551
2020,4,ID,Final,42.201,4.571,2.492,49.264,6833.566,748.712,412.477,7994.756
2020,5,ID,Final,43.128,4.571,2.574,50.273,7746.992,832.572,472.627,9052.191
2020,6,ID,Final,44.077,4.748,2.574,51.399,7975.996,872.937,476.786,9325.719
2020,7,ID,Final,45.127,4.754,2.657,52.538,8675.517,931.516,521.747,10128.780
2020,8,ID,Final,45.998,4.777,2.904,53.679,8488.240,895.946,547.611,9931.797
2020,9,ID,Final,46.669,4.971,3.827,55.467,7678.948,827.020,642.574,9148.542
2020,10,ID,Final,47.723,4.974,3.827,56.524,6821.844,711.392,557.589,8090.825
2020,11,ID,Final,49.021,5.011,5.077,59.109,4460.901,450.530,467.133,5378.563
2020,12,ID,Final,49.896,5.068,5.751,60.715,3196.650,320.137,375.951,3892.738
2021,1,ID,Final,51.454,5.257,5.751,62.462,3460.086,348.712,403.152,4211.949
2021,2,ID,Final,52.397,5.313,5.833,63.543,4759.918,481.714,551.166,5792.797
2021,3,ID,Final,53.490,5.482,5.845,64.817,7435.087,759.406,837.004,9031.498
2021,4,ID,Final,54.662,5.528,5.845,66.035,8856.280,902.169,967.377,10725.826
2021,5,ID,Final,55.754,5.657,5.845,67.256,10019.157,1026.768,1073.182,12119.107
2021,6,ID,Final,57.365,5.693,5.845,68.903,10384.198,1043.421,1082.636,12510.256
2021,7,ID,Final,58.848,5.697,5.840,70.385,11314.824,1115.776,1146.758,13577.357
2021,8,ID,Final,60.769,5.698,5.840,72.307,11217.912,1067.485,1101.198,13386.595
2021,9,ID,Final,62.616,5.745,6.253,74.614,10305.924,952.916,1049.955,12308.795
2021,10,ID,Final,64.284,6.124,11.163,81.571,9192.559,869.723,1626.327,11688.609
2021,11,ID,Final,66.222,6.557,16.181,88.960,6022.886,583.486,1488.794,8095.166
2021,12,ID,Final,67.113,6.637,16.264,90.014,4305.918,420.373,1062.960,5789.251
2022,1,ID,Final,69.950,6.670,16.512,93.132,4726.460,446.420,1157.049,6329.929
2022,2,ID,Final,71.974,6.794,16.512,95.280,6561.583,620.446,1559.715,8741.745
2022,3,ID,Final,73.941,6.751,16.491,97.183,10297.708,941.002,2361.118,13599.828
2022,4,ID,Final,76.166,6.763,16.492,99.421,12348.853,1106.515,2729.371,16184.739
2022,5,ID,Final,78.706,6.768,16.508,101.982,14148.590,1230.720,3030.905,18410.216
2022,6,ID,Final,83.022,6.768,16.508,106.298,15033.575,1242.524,3057.617,19333.716
2022,7,ID,Final,84.169,6.986,16.507,107.662,16185.614,1368.888,3241.319,20795.820
2022,8,ID,Final,86.918,7.085,16.563,110.566,16049.760,1329.002,3123.053,20501.815
2022,9,ID,Final,90.540,7.082,16.590,114.212,14899.932,1177.492,2785.547,18862.971
2022,10,ID,Final,93.563,7.127,16.590,117.280,13369.426,1015.907,2417.140,16802.474
2022,11,ID,Final,97.629,7.276,16.590,121.495,8862.047,648.842,1526.427,11037.316
2022,12,ID,Final,100.518,7.581,16.590,124.689,6453.231,479.979,1084.280,8017.490
2018,1,WY,Final,2.022,0.985,0.213,3.220,177.674,84.832,15.554,278.060
2018,2,WY,Final,2.134,0.986,0.213,3.333,212.754,97.114,18.673,328.541
2018,3,WY,Final,2.216,0.986,0.213,3.415,310.455,138.155,27.278,475.889
2018,4,WY,Final,2.373,0.988,0.213,3.574,376.438,159.646,33.809,569.893
2018,5,WY,Final,2.478,0.988,0.213,3.679,433.126,176.484,37.499,647.109
2018,6,WY,Final,2.516,0.989,0.213,3.718,442.230,178.026,38.234,658.491
2018,7,WY,Final,2.575,0.996,0.213,3.784,472.627,187.865,40.669,701.161
2018,8,WY,Final,2.599,0.996,0.213,3.808,451.588,177.593,38.174,667.356
2018,9,WY,Final,2.862,0.997,0.213,4.072,448.455,159.353,34.042,641.850
2018,10,WY,Final,2.917,0.998,0.213,4.128,398.085,138.689,29.703,566.478
2018,11,WY,Final,3.020,0.999,0.213,4.232,304.419,99.815,20.309,424.542
2018,12,WY,Final,3.222,1.008,0.234,4.464,267.529,80.128,16.663,364.320
2019,1,WY,Final,3.410,1.230,0.234,4.874,311.690,104.608,17.441,433.739
2019,2,WY,Final,3.512,1.233,0.234,4.979,357.340,119.859,20.816,498.015
2019,3,WY,Final,3.590,1.236,0.234,5.060,507.730,171.596,30.310,709.636
2019,4,WY,Final,3.670,1.295,0.234,5.199,581.540,208.680,37.236,827.456
2019,5,WY,Final,3.626,1.297,0.234,5.157,632.195,231.213,41.284,904.692
2019,6,WY,Final,3.857,1.297,0.234,5.388,676.854,233.279,42.031,952.164
2019,7,WY,Final,3.950,1.299,0.234,5.483,721.751,244.920,44.626,1011.297
2019,8,WY,Final,4.098,1.301,0.234,5.633,708.792,231.686,41.926,982.403
2019,9,WY,Final,4.322,1.322,0.234,5.878,675.575,211.139,37.411,924.125
2019,10,WY,Final,4.480,1.335,0.234,6.049,608.655,185.308,32.636,826.599
2019,11,WY,Final,4.586,1.335,0.234,6.155,462.916,132.793,22.444,618.153
2019,12,WY,Final,4.773,1.339,0.234,6.346,400.357,105.527,16.663,522.547
2020,1,WY,Final,5.193,1.336,0.276,6.805,487.347,114.001,22.024,623.371
2020,2,WY,Final,5.332,1.336,0.276,6.944,568.023,134.959,26.415,729.396
2020,3,WY,Final,5.474,1.336,0.276,7.086,779.153,185.832,36.613,1001.598
2020,4,WY,Final,5.671,1.377,0.276,7.324,899.873,222.003,44.107,1165.983
2020,5,WY,Final,5.890,1.377,0.276,7.543,1026.950,245.576,48.765,1321.291
2020,6,WY,Final,6.017,1.377,0.276,7.670,1056.087,247.696,49.588,1353.372
2020,7,WY,Final,6.089,1.386,0.276,7.751,1108.941,261.199,52.407,1422.548
2020,8,WY,Final,6.272,1.393,0.276,7.941,1080.503,248.006,49.268,1377.776
2020,9,WY,Final,6.418,1.386,0.276,8.080,1003.804,221.343,44.102,1269.249
2020,10,WY,Final,6.652,1.386,0.276,8.314,907.721,192.418,38.496,1138.635
2020,11,WY,Final,6.878,1.386,0.276,8.540,702.219,138.074,26.918,867.211
2020,12,WY,Final,6.706,1.233,0.234,8.173,576.474,97.263,16.663,690.400
2021,1,WY,Final,7.606,1.497,0.276,9.379,725.163,128.570,22.024,875.757
2021,2,WY,Final,7.799,1.518,0.276,9.593,808.316,148.948,25.504,982.768
2021,3,WY,Final,8.001,1.518,0.276,9.795,1143.738,212.132,36.613,1392.482
2021,4,WY,Final,8.291,1.520,0.276,10.087,1316.914,245.268,44.107,1606.289
2021,5,WY,Final,8.451,1.520,0.276,10.247,1473.899,271.291,48.765,1793.955
2021,6,WY,Final,8.556,1.555,0.276,10.387,1501.591,279.807,49.588,1830.987
2021,7,WY,Final,8.779,1.590,0.276,10.645,1599.026,299.601,52.407,1951.035
2021,8,WY,Final,9.018,1.590,0.276,10.884,1555.030,283.157,49.268,1887.455
2021,9,WY,Final,9.305,1.615,0.276,11.196,1455.332,258.009,44.102,1757.443
2021,10,WY,Final,9.505,1.624,0.276,11.405,1296.399,225.504,38.496,1560.398
2021,11,WY,Final,9.682,1.624,0.276,11.582,989.043,162.230,26.918,1178.191
2021,12,WY,Final,9.845,1.639,0.373,11.857,843.756,130.388,28.446,1002.590
2022,1,WY,Final,9.971,1.647,0.373,11.991,953.237,142.142,30.531,1125.910
2022,2,WY,Final,10.224,1.647,0.373,12.244,1061.882,162.159,35.280,1259.321
2022,3,WY,Final,10.403,1.668,0.391,12.462,1490.466,233.382,52.778,1776.625
2022,4,WY,Final,10.618,1.668,0.391,12.677,1688.598,269.163,62.458,2020.219
2022,5,WY,Final,10.915,1.696,0.391,13.002,1905.257,302.782,69.147,2277.185
2022,6,WY,Final,11.236,1.701,0.391,13.328,1973.583,306.076,70.042,2349.701
2022,7,WY,Final,11.474,1.721,0.391,13.586,2089.055,324.277,74.270,2487.602
2022,8,WY,Final,12.099,1.742,0.391,14.232,2085.900,310.255,70.035,2466.190
2022,9,WY,Final,12.420,1.762,0.391,14.573,1943.994,281.475,62.129,2287.598
2022,10,WY,Final,12.707,1.762,0.391,14.860,1736.618,244.559,53.558,2034.734
2022,11,WY,Final,13.071,1.771,0.391,15.233,1338.276,176.987,38.041,1553.304
2022,12,WY,Final,13.450,1.792,0.391,15.633,1153.045,142.814,29.708,1325.567
2018,1,WA,Final,83.937,15.907,0.196,100.040,3867.633,744.544,11.151,4623.327
2018,2,WA,Final,85.384,16.036,0.196,101.616,6626.927,1266.914,17.792,7911.632
2018,3,WA,Final,87.165,16.394,0.196,103.755,8930.618,1716.513,24.205,10671.336
2018,4,WA,Final,89.150,16.568,0.196,105.914,12334.826,2340.887,30.293,14706.006
2018,5,WA,Final,91.329,16.872,0.196,108.397,13870.293,2618.921,33.219,16522.433
2018,6,WA,Final,94.244,17.251,0.196,111.691,14615.171,2738.727,34.017,17387.915
2018,7,WA,Final,96.697,17.546,0.196,114.439,16841.720,3127.946,37.266,20006.931
2018,8,WA,Final,98.844,17.850,0.196,116.890,16103.024,2973.670,35.179,19111.873
2018,9,WA,Final,102.758,18.607,0.196,121.561,14259.735,2633.436,30.372,16923.543
2018,10,WA,Final,104.532,18.983,0.196,123.711,9238.507,1722.366,22.449,10983.322
2018,11,WA,Final,108.039,19.664,0.316,128.019,4744.624,874.486,15.880,5634.990
2018,12,WA,Final,110.884,19.817,0.317,131.018,4294.986,772.529,13.207,5080.722
2019,1,WA,Final,120.576,19.907,0.316,140.799,5651.683,933.645,16.428,6601.757
2019,2,WA,Final,122.763,20.061,0.316,143.140,9638.559,1590.505,26.821,11255.886
2019,3,WA,Final,124.960,20.502,0.316,145.778,12993.701,2156.892,36.215,15186.808
2019,4,WA,Final,126.626,20.848,0.316,147.790,17635.210,2955.348,46.903,20637.461
2019,5,WA,Final,128.841,21.861,0.316,151.018,19700.335,3404.757,51.461,23156.553
2019,6,WA,Final,130.577,22.045,0.372,152.994,20375.409,3510.996,62.618,23949.023
2019,7,WA,Final,132.287,22.237,0.396,154.920,23119.886,3971.788,73.721,27165.395
2019,8,WA,Final,134.555,22.456,0.396,157.407,22031.656,3749.429,69.384,25850.469
2019,9,WA,Final,136.577,22.882,0.396,159.855,19037.624,3235.916,59.538,22333.078
2019,10,WA,Final,139.355,23.438,0.396,163.189,12484.283,2131.857,42.076,14658.216
2019,11,WA,Final,141.633,23.663,0.396,165.692,6301.773,1054.004,20.600,7376.377
2019,12,WA,Final,143.457,24.304,0.397,168.158,5602.947,942.148,16.951,6562.046
2020,1,WA,Final,149.966,24.989,0.404,175.359,7046.884,1175.939,21.693,8244.516
2020,2,WA,Final,151.958,25.427,0.396,177.781,12419.895,2093.571,35.560,14549.026
2020,3,WA,Final,153.559,25.547,0.396,179.502,16040.275,2700.272,46.467,18787.014
2020,4,WA,Final,154.656,25.691,0.396,180.743,21626.006,3650.064,59.522,25335.592
2020,5,WA,Final,156.495,25.776,0.410,182.681,23979.689,4020.088,67.886,28067.663
2020,6,WA,Final,158.262,25.966,0.410,184.638,24736.064,4142.335,69.525,28947.925
2020,7,WA,Final,161.046,26.849,0.410,188.305,28187.416,4803.350,76.573,33067.338
2020,8,WA,Final,163.265,27.214,0.410,190.889,26775.955,4551.384,72.101,31399.440
2020,9,WA,Final,165.672,27.431,0.410,193.513,23132.418,3886.176,61.930,27080.524
2020,10,WA,Final,168.346,27.953,0.410,196.709,15116.262,2547.172,44.076,17707.510
2020,11,WA,Final,171.168,28.052,0.411,199.631,7635.245,1252.840,21.630,8909.715
2020,12,WA,Final,172.598,28.237,0.411,201.246,6723.969,1095.881,17.691,7837.541
2021,1,WA,Final,180.571,30.284,0.397,211.252,8459.625,1424.079,21.607,9905.311
2021,2,WA,Final,182.673,30.584,0.397,213.654,14348.930,2433.868,34.820,16817.618
2021,3,WA,Final,187.264,31.147,0.397,218.808,19456.908,3300.153,47.184,22804.245
2021,4,WA,Final,190.399,31.268,0.397,222.064,26547.318,4451.053,60.085,31058.456
2021,5,WA,Final,193.299,31.832,0.397,225.528,29529.230,4971.287,65.910,34566.427
2021,6,WA,Final,197.159,32.205,0.397,229.761,30755.303,5141.766,67.502,35964.571
2021,7,WA,Final,200.524,32.583,0.397,233.504,35040.852,5828.201,74.298,40943.351
2021,8,WA,Final,205.297,32.564,0.397,238.258,33583.293,5448.396,69.980,39101.669
2021,9,WA,Final,208.936,33.298,0.516,242.750,29108.126,4720.773,79.024,33907.923
2021,10,WA,Final,212.629,33.561,0.516,246.706,18972.587,3055.457,57.401,22085.446
2021,11,WA,Final,210.761,40.071,0.640,251.472,9372.424,1768.401,33.150,11173.975
2021,12,WA,Final,215.915,41.337,0.647,257.899,8442.333,1589.867,27.495,10059.695
2022,1,WA,Final,220.957,41.777,0.647,263.381,10365.819,1944.515,34.488,12344.821
2022,2,WA,Final,226.250,42.197,0.659,269.106,17795.100,3330.071,56.978,21182.149
2022,3,WA,Final,231.611,42.853,0.659,275.123,24059.210,4501.916,77.082,28638.208
2022,4,WA,Final,235.916,44.218,0.660,280.794,32866.176,6265.172,99.046,39230.394
2022,5,WA,Final,242.007,45.504,0.660,288.171,36963.312,7081.236,108.660,44153.209
2022,6,WA,Final,245.056,45.614,0.660,291.330,38199.326,7259.908,111.289,45570.524
2022,7,WA,Final,250.235,46.713,0.672,297.620,43730.760,8329.645,125.050,52185.455
2022,8,WA,Final,255.358,46.556,0.672,302.586,41796.353,7761.650,117.686,49675.688
2022,9,WA,Final,264.304,47.710,0.715,312.729,36871.231,6734.515,106.881,43712.628
2022,10,WA,Final,270.103,47.310,0.747,318.160,24196.097,4255.481,78.729,28530.308
2022,11,WA,Final,277.451,48.688,0.871,327.010,12359.630,2152.718,45.885,14558.232
2022,12,WA,Final,292.513,47.722,0.900,341.135,11539.902,1843.326,38.534,13421.762
2018,1,MT,Final,8.302,3.347,0.000,11.649,605.291,244.496,0.000,849.787
2018,2,MT,Final,8.361,3.365,0.000,11.726,773.230,312.734,0.000,1085.965
2018,3,MT,Final,8.425,3.416,0.000,11.841,1099.176,453.431,0.000,1552.607
2018,4,MT,Final,8.540,3.449,0.000,11.989,1296.151,532.631,0.000,1828.782
2018,5,MT,Final,8.739,3.491,0.000,12.230,1457.586,593.689,0.000,2051.275
2018,6,MT,Final,8.910,3.544,0.000,12.454,1479.499,600.389,0.000,2079.889
2018,7,MT,Final,9.082,3.580,0.000,12.662,1679.483,674.976,0.000,2354.459
2018,8,MT,Final,9.224,3.701,0.000,12.925,1602.402,654.435,0.000,2256.837
2018,9,MT,Final,9.381,3.816,0.000,13.197,1391.484,573.652,0.000,1965.136
2018,10,MT,Final,9.492,3.902,0.000,13.394,1116.727,464.669,0.000,1581.396
2018,11,MT,Final,9.675,3.992,0.000,13.667,739.560,306.826,0.000,1046.385
2018,12,MT,Final,9.890,4.020,0.000,13.910,654.590,265.343,0.000,919.933
2019,1,MT,Final,10.174,4.232,0.000,14.406,742.502,308.837,0.000,1051.338
2019,2,MT,Final,10.257,4.255,0.000,14.512,948.390,395.323,0.000,1343.713
2019,3,MT,Final,10.342,4.255,0.000,14.597,1348.732,564.289,0.000,1913.021
2019,4,MT,Final,10.457,4.281,0.000,14.738,1586.352,660.970,0.000,2247.323
2019,5,MT,Final,10.794,4.355,0.000,15.149,1799.918,740.479,0.000,2540.397
2019,6,MT,Final,11.082,4.411,0.000,15.493,1840.001,747.274,0.000,2587.275
2019,7,MT,Final,11.343,4.551,0.000,15.894,2097.321,857.869,0.000,2955.189
2019,8,MT,Final,11.621,4.561,0.000,16.182,2018.581,806.447,0.000,2825.028
2019,9,MT,Final,12.119,4.665,0.000,16.784,1797.670,701.357,0.000,2499.027
2019,10,MT,Final,12.327,4.686,0.000,17.013,1450.311,558.225,0.000,2008.536
2019,11,MT,Final,12.604,4.741,0.000,17.345,964.168,364.725,0.000,1328.893
2019,12,MT,Final,12.952,4.864,0.000,17.816,858.181,321.355,0.000,1179.535
2020,1,MT,Final,13.240,5.064,0.000,18.304,968.500,370.565,0.000,1339.064
2020,2,MT,Final,13.387,5.123,0.000,18.510,1284.937,494.525,0.000,1779.462
2020,3,MT,Final,13.474,5.206,0.000,18.680,1759.279,691.579,0.000,2450.858
2020,4,MT,Final,13.606,5.256,0.000,18.862,2064.910,811.873,0.000,2876.783
2020,5,MT,Final,13.866,5.449,0.000,19.315,2312.902,927.079,0.000,3239.981
2020,6,MT,Final,16.203,6.658,0.000,22.861,2691.849,1128.555,0.000,3820.403
2020,7,MT,Final,16.469,6.758,0.000,23.227,3046.097,1274.019,0.000,4320.115
2020,8,MT,Final,16.782,6.788,0.000,23.570,2916.454,1200.606,0.000,4117.060
2020,9,MT,Final,17.026,6.978,0.000,24.004,2526.321,1049.685,0.000,3576.006
2020,10,MT,Final,17.377,6.978,0.000,24.355,2046.824,832.506,0.000,2879.331
2020,11,MT,Final,17.600,7.008,0.000,24.608,1348.444,540.717,0.000,1889.160
2020,12,MT,Final,16.446,6.948,0.000,23.394,1091.545,459.957,0.000,1551.502
2021,1,MT,Final,18.124,7.434,0.000,25.558,1317.738,540.675,0.000,1858.413
2021,2,MT,Final,18.255,7.434,0.000,25.689,1688.064,690.924,0.000,2378.988
2021,3,MT,Final,18.463,7.514,0.000,25.977,2409.375,995.337,0.000,3404.712
2021,4,MT,Final,18.687,7.588,0.000,26.275,2835.980,1170.537,0.000,4006.517
2021,5,MT,Final,18.891,7.618,0.000,26.509,3151.538,1294.928,0.000,4446.466
2021,6,MT,Final,19.354,7.747,0.000,27.101,3213.391,1311.329,0.000,4524.719
2021,7,MT,Final,20.194,8.397,0.000,28.591,3737.683,1584.093,0.000,5321.776
2021,8,MT,Final,20.047,8.011,0.000,28.058,3483.673,1416.342,0.000,4900.014
2021,9,MT,Final,20.313,8.071,0.000,28.384,3011.421,1212.384,0.000,4223.805
2021,10,MT,Final,20.761,8.141,0.000,28.902,2438.324,965.940,0.000,3404.264
2021,11,MT,Final,21.189,8.311,0.000,29.500,1612.531,633.971,0.000,2246.502
2021,12,MT,Final,21.752,8.340,0.000,30.092,1434.060,547.930,0.000,1981.990
2022,1,MT,Final,22.223,8.620,0.000,30.843,1625.263,629.991,0.000,2255.254
2022,2,MT,Final,22.488,8.650,0.000,31.138,2084.936,805.723,0.000,2890.658
2022,3,MT,Final,22.785,8.710,0.000,31.495,2980.171,1155.220,0.000,4135.391
2022,4,MT,Final,23.509,8.730,0.000,32.239,3570.961,1347.464,0.000,4918.424
2022,5,MT,Final,23.999,8.750,0.000,32.749,4006.181,1487.747,0.000,5493.927
2022,6,MT,Final,24.751,8.810,0.000,33.561,4112.304,1492.467,0.000,5604.771
2022,7,MT,Final,25.581,8.836,0.000,34.417,4731.863,1665.559,0.000,6397.423
2022,8,MT,Final,26.501,8.890,0.000,35.391,4605.830,1571.936,0.000,6177.766
2022,9,MT,Final,27.260,9.130,0.002,36.392,4044.902,1372.918,0.300,5418.119
2022,10,MT,Final,28.020,9.230,0.000,37.250,3301.476,1099.681,0.000,4401.157
2022,11,MT,Final,28.789,9.344,0.000,38.133,2204.866,719.106,0.000,2923.973
2022,12,MT,Final,31.025,9.422,0.000,40.447,2061.430,622.807,0.000,2684.237